id;allergy;blood_type;job
1;Steel Graphical User Interface;O_NEGATIVE;Pass Cambridgeshire groupware
2;Sleek Seychelles Rupee;A_POSITIVE;Savings Account
3;synergies Investment Account;AB_POSITIVE;open architecture Timor-Leste
4;Toys;A_NEGATIVE;Home Loan Account
5;synergistic Organic;AB_NEGATIVE;integrated demand-driven
6;Avon Corporate;B_NEGATIVE;Home
7;wireless;AB_POSITIVE;Keyboard transparent regional
8;Orchestrator;B_NEGATIVE;synthesizing
9;Hat Incredible Fresh Hat Response;B_NEGATIVE;Future
10;navigating Synchronised Fantastic Fresh Table;A_POSITIVE;high-level turn-key deposit
