id;first_name;last_name;country;region;locality;streat;building;apartment;phone_number;email
1;Ayana;MacGyver;Anguilla;Cotton Garden Home Loan Account;killer Ghana Lead;Cotton Gibraltar Pound;leading-edge;navigate 5th generation;sky blue;Eveline_Kub76@hotmail.com
2;Angelica;Runte;Brazil;Security;programming Personal Loan Account;Supervisor connect;Metal Sausages;model;Designer Dale New Jersey;Ubaldo_Hayes@gmail.com
3;Coralie;Hintz;Germany;Mobility Savings Account;SMTP Paradigm United States of America;Central;Home Loan Account;Burundi;cyan green;Otis93@yahoo.com
4;Leif;Luettgen;Maldives;Secured;web-enabled Applications matrix;auxiliary withdrawal payment;Fish Analyst;Ergonomic Frozen Keyboard Associate Generic Metal Car;Communications;Dariana97@hotmail.com
5;Hilario;Adams;Jersey;Tanzanian Shilling;Distributed hacking Avon;backing up;Manager;Soft;Tennessee;Darius82@hotmail.com
6;Domenick;Johnson;Macedonia;Small Wooden Salad;experiences;Towels Ergonomic Frozen Keyboard;customized;static Ball Ergonomic Frozen Towels;Bedfordshire ADP Practical Fresh Shirt;Lee_VonRueden@yahoo.com
7;May;Leuschke;Lao People's Democratic Republic;Visionary Unbranded Borders;Cambodia Wooden grey;networks Wisconsin;Lakes Cotton transition;synergies Buckinghamshire orange;International Cayman Islands Dollar Ergonomic;Brooklyn_Reynolds48@gmail.com
8;Edison;Johns;Saint Martin;Intelligent Wooden Pants Representative;Computers Organized Parkway;Coordinator neural;Intuitive;quantifying Director open architecture;Technician Borders;Jeanie13@yahoo.com
9;Sonya;Abernathy;Martinique;connect Fresh mindshare;Books microchip;open-source FTP Response;Handmade Soft Salad demand-driven Practical;program;Small Concrete Salad;Daphney35@hotmail.com
10;Santina;Jaskolski;Venezuela;Virginia redundant Yemen;Rwanda Franc Liaison;Investment Account Ergonomic Concrete Keyboard;unleash Singapore Dollar;neural;FTP GB;Foster76@gmail.com
